metric,gate_30_rate,gate_40_rate,diff_gate40_minus_gate30,z_score,p_value,is_significant
D1_retention,0.4481879194630872,0.44228274967574577,-0.005905169787341458,-1.7840862247974725,0.07440965529691917,False
D3_retention,0.34706935123042504,0.3412473345204335,-0.005822016709991551,-1.8400626290282487,0.06575904305342799,False
D7_retention,0.19020134228187918,0.18200004396667327,-0.008201298315205913,-3.164358912748191,0.0015542499756143286,True
