metric,gate_30,gate_40,gate_40_minus_gate_30
avg_game_rounds,52.45626398210291,51.29877552814966,-1.157488453953249
D1_retention_rate,0.4481879194630872,0.44228274967574577,-0.005905169787341458
D3_retention_rate,0.34706935123042504,0.3412473345204335,-0.005822016709991551
D7_retention_rate,0.19020134228187918,0.18200004396667327,-0.008201298315205913
D7_churn_rate,0.8097986577181208,0.8179999560333268,0.008201298315205996
