experiment_group,users,avg_game_rounds,median_game_rounds,d1_retention_rate,d3_retention_rate,d7_retention_rate,d7_churn_rate
gate_30,44700,52.45626398210291,17,0.4481879194630872,0.34706935123042504,0.19020134228187918,0.8097986577181208
gate_40,45489,51.29877552814966,16,0.44228274967574577,0.3412473345204335,0.18200004396667327,0.8179999560333268
