day_n,gate_30,gate_40,gate_40_minus_gate_30
0,1.0,1.0,0.0
1,0.4481879194630872,0.44228274967574577,-0.005905169787341458
2,0.29628635346756155,0.2889929433489415,-0.007293410118620058
3,0.34706935123042504,0.3412473345204335,-0.005822016709991551
4,0.29436241610738256,0.289586493437974,-0.004775922669408572
5,0.29521252796420583,0.2905317769130999,-0.004680751051105936
6,0.29201342281879195,0.2886192266262173,-0.003394196192574639
7,0.19020134228187918,0.18200004396667327,-0.008201298315205913
