metric,value
total_users,90189.0
D1_retention_rate,0.4452095044850259
D3_retention_rate,0.34413287651487434
D7_retention_rate,0.1860648194347426
D7_churn_rate,0.8139351805652574
